Topic,Demand Score,Competition Score,Avg Reviews,Avg BSR,Market Gap,Opportunity Score,Trend Source,Suggested Titles
anxiety relief,84,59,149,60579,33,44,Multi-source,"The Complete Anxiety Relief Guide|Anxiety Relief for Beginners|Master Anxiety Relief in 30 Days|"
personal finance,88,70,108,54761,37,45,Multi-source,"The Complete Personal Finance Guide|Personal Finance for Beginners|Master Personal Finance in 30 Days|"
ChatGPT prompting,59,58,96,36568,41,35,Multi-source,"The Complete ChatGPT Prompting Guide|ChatGPT Prompting for Beginners|Master ChatGPT Prompting in 30 Days|"
digital marketing,53,55,98,42549,45,35,Multi-source,"The Complete Digital Marketing Guide|Digital Marketing for Beginners|Master Digital Marketing in 30 Days|"
social media marketing,46,52,114,40426,56,38,Multi-source,"The Complete Social Media Marketing Guide|Social Media Marketing for Beginners|Master Social Media Marketing in 30 Days|"
stock market for beginners,61,53,83,32172,39,37,Multi-source,"The Complete Stock Market For Beginners Guide|Stock Market For Beginners for Beginners|Master Stock Market For Beginners in 30 Days|"
retirement planning,62,62,145,42346,44,37,Multi-source,"The Complete Retirement Planning Guide|Retirement Planning for Beginners|Master Retirement Planning in 30 Days|"
biohacking for beginners,54,53,112,50988,46,37,Multi-source,"The Complete Biohacking For Beginners Guide|Biohacking For Beginners for Beginners|Master Biohacking For Beginners in 30 Days|"
nootropics guide,49,52,76,39417,48,35,Multi-source,"The Complete Nootropics Guide Guide|Nootropics Guide for Beginners|Master Nootropics Guide in 30 Days|"
cognitive enhancement,64,56,92,42608,38,37,Multi-source,"The Complete Cognitive Enhancement Guide|Cognitive Enhancement for Beginners|Master Cognitive Enhancement in 30 Days|"
time blocking method,61,53,79,60056,37,36,Multi-source,"The Complete Time Blocking Method Guide|Time Blocking Method for Beginners|Master Time Blocking Method in 30 Days|"
digital minimalism,64,56,91,30307,46,41,Multi-source,"The Complete Digital Minimalism Guide|Digital Minimalism for Beginners|Master Digital Minimalism in 30 Days|"
emotional intelligence,59,58,98,50978,43,36,Multi-source,"The Complete Emotional Intelligence Guide|Emotional Intelligence for Beginners|Master Emotional Intelligence in 30 Days|"
inner child work,52,50,58,52449,44,35,Multi-source,"The Complete Inner Child Work Guide|Inner Child Work for Beginners|Master Inner Child Work in 30 Days|"
manifestation techniques,55,53,84,49005,41,35,Multi-source,"The Complete Manifestation Techniques Guide|Manifestation Techniques for Beginners|Master Manifestation Techniques in 30 Days|"
